MatchID,Map,Team Name,POI Drop,Banned Legends,Legend Composition,Ban Violation,Kill Points,Placement Points,Total Points,Match Start Time
15705,E-District,5STAR,Shipyard Arcade,None,"alter, caustic, crypto",None,13,12,25,"September 08, 2025"
15705,E-District,LG,Humbert Labs,None,"alter, caustic, newcastle",None,8,7,15,"September 08, 2025"
15705,E-District,NICE GUYS,Viaduct,None,"alter, caustic, crypto",None,2,9,11,"September 08, 2025"
15705,E-District,CIMJ,Galleria,None,"alter, caustic, crypto",None,5,4,9,"September 08, 2025"
15705,E-District,ZONE SPAMMERS,Street Market,None,"alter, caustic, newcastle",None,3,5,8,"September 08, 2025"
15705,E-District,THUGGETS,Draft Point,None,"alter, caustic, newcastle",None,6,2,8,"September 08, 2025"
15705,E-District,TEAM LIQUID ALIENWARE,Resort,None,"alter, caustic, newcastle",None,5,2,7,"September 08, 2025"
15705,E-District,ZZ,Energy Bank,None,"alter, caustic, newcastle",None,4,1,5,"September 08, 2025"
15705,E-District,SENTINELS,Settlement,None,"alter, caustic, newcastle",None,4,1,5,"September 08, 2025"
15705,E-District,STALLIONS,Electro Dam,None,"alter, caustic, crypto",None,1,3,4,"September 08, 2025"
15705,E-District,HOTDOG MAFIA,Lotus,None,"alter, caustic, sparrow",None,1,3,4,"September 08, 2025"
15705,E-District,100 THIEVES,City Hall,None,"alter, caustic, newcastle",None,3,1,4,"September 08, 2025"
15705,E-District,ROC ESPORTS,Canal Plaza,None,"alter, caustic, crypto",None,2,1,3,"September 08, 2025"
15705,E-District,LEGACY KINGDOM,Boardwalk,None,"alter, caustic, sparrow",None,3,0,3,"September 08, 2025"
15705,E-District,TEAM INFERNO,Stadium,None,"alter, caustic, sparrow",None,0,2,2,"September 08, 2025"
15705,E-District,TSM,Old Town,None,"alter, caustic, newcastle",None,1,1,2,"September 08, 2025"
15705,E-District,FALCONS,Heights,None,"alter, caustic, crypto",None,1,0,1,"September 08, 2025"
15705,E-District,14K RESONANCE,Blossom Drive,None,"alter, caustic, newcastle",None,1,0,1,"September 08, 2025"
15705,E-District,OBLIVION,Vibe Isle,None,"alter, caustic, newcastle",None,0,0,0,"September 08, 2025"
15705,E-District,THE DURAGS,Neon Square,None,"alter, caustic, newcastle",None,0,0,0,"September 08, 2025"
15705,E-District,THE DURAGS,Neon Square,alter,"caustic, newcastle, wraith",None,4,12,16,"September 08, 2025"
15705,E-District,THUGGETS,Draft Point,alter,"ash, caustic, newcastle",None,7,9,16,"September 08, 2025"
15705,E-District,TEAM LIQUID ALIENWARE,Resort,alter,"caustic, newcastle, wraith",None,9,7,16,"September 08, 2025"
15705,E-District,LEGACY KINGDOM,Boardwalk,alter,"ash, caustic, sparrow",None,6,4,10,"September 08, 2025"
15705,E-District,OBLIVION,Vibe Isle,alter,"caustic, newcastle, wraith",None,6,3,9,"September 08, 2025"
15705,E-District,HOTDOG MAFIA,Lotus,alter,"caustic, newcastle, sparrow",None,4,3,7,"September 08, 2025"
15705,E-District,ZONE SPAMMERS,Street Market,alter,"caustic, newcastle, wraith",None,1,5,6,"September 08, 2025"
15705,E-District,LG,Humbert Labs,alter,"caustic, newcastle, wraith",None,6,0,6,"September 08, 2025"
15705,E-District,FALCONS,Heights,alter,"caustic, newcastle, wraith",None,3,2,5,"September 08, 2025"
15705,E-District,100 THIEVES,City Hall,alter,"caustic, newcastle, wraith",None,3,1,4,"September 08, 2025"
15705,E-District,ROC ESPORTS,Canal Plaza,alter,"caustic, crypto, wraith",None,1,2,3,"September 08, 2025"
15705,E-District,STALLIONS,Electro Dam,alter,"caustic, crypto, wraith",None,2,1,3,"September 08, 2025"
15705,E-District,NICE GUYS,Viaduct,alter,"caustic, crypto, newcastle",None,0,2,2,"September 08, 2025"
15705,E-District,5STAR,Shipyard Arcade,alter,"ash, caustic, crypto",None,1,1,2,"September 08, 2025"
15705,E-District,SENTINELS,Settlement,alter,"caustic, newcastle, wraith",None,2,0,2,"September 08, 2025"
15705,E-District,ZZ,Energy Bank,alter,"caustic, newcastle, wraith",None,0,1,1,"September 08, 2025"
15705,E-District,14K RESONANCE,Blossom Drive,alter,"caustic, newcastle, wraith",None,0,1,1,"September 08, 2025"
15705,E-District,CIMJ,Galleria,alter,"caustic, crypto, wraith",None,1,0,1,"September 08, 2025"
15705,E-District,TSM,Old Town,alter,"caustic, newcastle, wraith",None,1,0,1,"September 08, 2025"
15705,E-District,TEAM INFERNO,Stadium,alter,"ash, caustic, sparrow",None,0,0,0,"September 08, 2025"
15705,E-District,TEAM INFERNO,Stadium,"alter, caustic","ash, sparrow, wattson",None,10,12,22,"September 08, 2025"
15705,E-District,FALCONS,Heights,"alter, caustic","newcastle, wattson, wraith",None,6,9,15,"September 08, 2025"
15705,E-District,14K RESONANCE,Blossom Drive,"alter, caustic","newcastle, wattson, wraith",None,8,7,15,"September 08, 2025"
15705,E-District,5STAR,Shipyard Arcade,"alter, caustic","ash, catalyst, horizon",None,12,3,15,"September 08, 2025"
15705,E-District,LG,Humbert Labs,"alter, caustic","newcastle, wattson, wraith",None,3,5,8,"September 08, 2025"
15705,E-District,THE DURAGS,Neon Square,"alter, caustic","newcastle, wattson, wraith",None,3,4,7,"September 08, 2025"
15705,E-District,NICE GUYS,Viaduct,"alter, caustic","newcastle, octane, sparrow",None,4,3,7,"September 08, 2025"
15705,E-District,STALLIONS,Electro Dam,"alter, caustic","crypto, wattson, wraith",None,3,2,5,"September 08, 2025"
15705,E-District,ZZ,Energy Bank,"alter, caustic","newcastle, wattson, wraith",None,4,1,5,"September 08, 2025"
15705,E-District,OBLIVION,Vibe Isle,"alter, caustic","newcastle, wattson, wraith",None,2,2,4,"September 08, 2025"
15705,E-District,CIMJ,Galleria,"alter, caustic","crypto, wattson, wraith",None,2,1,3,"September 08, 2025"
15705,E-District,LEGACY KINGDOM,Boardwalk,"alter, caustic","ash, sparrow, wattson",None,2,1,3,"September 08, 2025"
15705,E-District,SENTINELS,Settlement,"alter, caustic","newcastle, wattson, wraith",None,0,2,2,"September 08, 2025"
15705,E-District,THUGGETS,Draft Point,"alter, caustic","ash, newcastle, wattson",None,2,0,2,"September 08, 2025"
15705,E-District,HOTDOG MAFIA,Lotus,"alter, caustic","newcastle, pathfinder, sparrow",None,0,1,1,"September 08, 2025"
15705,E-District,ROC ESPORTS,Canal Plaza,"alter, caustic","newcastle, wattson, wraith",None,0,1,1,"September 08, 2025"
15705,E-District,TEAM LIQUID ALIENWARE,Resort,"alter, caustic","newcastle, wattson, wraith",None,0,0,0,"September 08, 2025"
15705,E-District,TSM,Old Town,"alter, caustic","newcastle, wattson, wraith",None,0,0,0,"September 08, 2025"
15705,E-District,ZONE SPAMMERS,Street Market,"alter, caustic","newcastle, wattson, wraith",None,0,0,0,"September 08, 2025"
15705,E-District,100 THIEVES,City Hall,"alter, caustic","newcastle, wattson, wraith",None,0,0,0,"September 08, 2025"
15705,Worlds Edge,TEAM INFERNO,Geyser,"alter, caustic, wattson","ash, revenant, sparrow",None,9,12,21,"September 08, 2025"
15705,Worlds Edge,OBLIVION,Harvester,"alter, caustic, wattson","newcastle, rampart, wraith",None,7,7,14,"September 08, 2025"
15705,Worlds Edge,FALCONS,Lava Fissure,"alter, caustic, wattson","newcastle, rampart, wraith",None,4,9,13,"September 08, 2025"
15705,Worlds Edge,TEAM LIQUID ALIENWARE,Overlook,"alter, caustic, wattson","catalyst, newcastle, wraith",None,8,5,13,"September 08, 2025"
15705,Worlds Edge,STALLIONS,Staging,"alter, caustic, wattson","newcastle, rampart, wraith",None,3,4,7,"September 08, 2025"
15705,Worlds Edge,100 THIEVES,Skyhook East,"alter, caustic, wattson","newcastle, rampart, wraith",None,4,3,7,"September 08, 2025"
15705,Worlds Edge,LEGACY KINGDOM,Big Maude,"alter, caustic, wattson","catalyst, sparrow, wraith",None,5,2,7,"September 08, 2025"
15705,Worlds Edge,HOTDOG MAFIA,Tree,"alter, caustic, wattson","catalyst, newcastle, wraith",None,3,2,5,"September 08, 2025"
15705,Worlds Edge,CIMJ,Survey Camp,"alter, caustic, wattson","ash, catalyst, crypto",None,4,1,5,"September 08, 2025"
15705,Worlds Edge,NICE GUYS,Stacks,"alter, caustic, wattson","newcastle, sparrow, wraith",None,1,3,4,"September 08, 2025"
15705,Worlds Edge,5STAR,Thermal Station,"alter, caustic, wattson","ash, fuse, sparrow",None,2,2,4,"September 08, 2025"
15705,Worlds Edge,14K RESONANCE,Countdown,"alter, caustic, wattson","catalyst, newcastle, wraith",None,4,0,4,"September 08, 2025"
15705,Worlds Edge,THE DURAGS,Mirage,"alter, caustic, wattson","newcastle, rampart, wraith",None,2,1,3,"September 08, 2025"
15705,Worlds Edge,LG,Launch Site,"alter, caustic, wattson","catalyst, gibraltar, wraith",None,0,1,1,"September 08, 2025"
15705,Worlds Edge,SENTINELS,Lava Syphon,"alter, caustic, wattson","catalyst, newcastle, wraith",None,0,1,1,"September 08, 2025"
15705,Worlds Edge,ZZ,Dome,"alter, caustic, wattson","ash, fuse, sparrow",None,0,1,1,"September 08, 2025"
15705,Worlds Edge,TSM,Skyhook West,"alter, caustic, wattson","fuse, sparrow, wraith",None,1,0,1,"September 08, 2025"
15705,Worlds Edge,THUGGETS,Landslide,"alter, caustic, wattson","ash, newcastle, rampart",None,0,0,0,"September 08, 2025"
15705,Worlds Edge,ZONE SPAMMERS,Monument,"alter, caustic, wattson","catalyst, newcastle, wraith",None,0,0,0,"September 08, 2025"
15705,Worlds Edge,ROC ESPORTS,Climatizer,"alter, caustic, wattson","crypto, newcastle, pathfinder",None,0,0,0,"September 08, 2025"
15705,Worlds Edge,THUGGETS,Landslide,"alter, caustic, wattson, wraith","ash, newcastle, rampart",None,12,12,24,"September 08, 2025"
15705,Worlds Edge,FALCONS,Lava Fissure,"alter, caustic, wattson, wraith","ash, newcastle, rampart",None,8,9,17,"September 08, 2025"
15705,Worlds Edge,ROC ESPORTS,Climatizer,"alter, caustic, wattson, wraith","newcastle, pathfinder, sparrow",None,9,7,16,"September 08, 2025"
15705,Worlds Edge,LG,Launch Site,"alter, caustic, wattson, wraith","ash, catalyst, newcastle",None,9,2,11,"September 08, 2025"
15705,Worlds Edge,14K RESONANCE,Countdown,"alter, caustic, wattson, wraith","ash, newcastle, rampart",None,6,3,9,"September 08, 2025"
15705,Worlds Edge,TEAM INFERNO,Geyser,"alter, caustic, wattson, wraith","ash, rampart, sparrow",None,3,5,8,"September 08, 2025"
15705,Worlds Edge,LEGACY KINGDOM,Big Maude,"alter, caustic, wattson, wraith","ash, catalyst, sparrow",None,4,4,8,"September 08, 2025"
15705,Worlds Edge,SENTINELS,Lava Syphon,"alter, caustic, wattson, wraith","ash, catalyst, newcastle",None,5,1,6,"September 08, 2025"
15705,Worlds Edge,STALLIONS,Staging,"alter, caustic, wattson, wraith","ash, catalyst, newcastle",None,3,2,5,"September 08, 2025"
15705,Worlds Edge,CIMJ,Survey Camp,"alter, caustic, wattson, wraith","ash, catalyst, crypto",None,3,1,4,"September 08, 2025"
15705,Worlds Edge,ZZ,Dome,"alter, caustic, wattson, wraith","ash, fuse, sparrow",None,4,0,4,"September 08, 2025"
15705,Worlds Edge,100 THIEVES,Skyhook East,"alter, caustic, wattson, wraith","ash, newcastle, rampart",None,0,3,3,"September 08, 2025"
15705,Worlds Edge,HOTDOG MAFIA,Tree,"alter, caustic, wattson, wraith","catalyst, newcastle, sparrow",None,1,2,3,"September 08, 2025"
15705,Worlds Edge,TSM,Skyhook West,"alter, caustic, wattson, wraith","ash, fuse, sparrow",None,2,1,3,"September 08, 2025"
15705,Worlds Edge,THE DURAGS,Mirage,"alter, caustic, wattson, wraith","ash, newcastle, rampart",None,1,1,2,"September 08, 2025"
15705,Worlds Edge,5STAR,Thermal Station,"alter, caustic, wattson, wraith","ash, fuse, sparrow",None,0,1,1,"September 08, 2025"
15705,Worlds Edge,ZONE SPAMMERS,Monument,"alter, caustic, wattson, wraith","ash, newcastle, rampart",None,0,0,0,"September 08, 2025"
15705,Worlds Edge,TEAM LIQUID ALIENWARE,Overlook,"alter, caustic, wattson, wraith","ash, newcastle, rampart",None,0,0,0,"September 08, 2025"
15705,Worlds Edge,OBLIVION,Harvester,"alter, caustic, wattson, wraith","ash, newcastle, rampart",None,0,0,0,"September 08, 2025"
15705,Worlds Edge,NICE GUYS,Stacks,"alter, caustic, wattson, wraith","gibraltar, newcastle, sparrow",None,0,0,0,"September 08, 2025"
15705,Worlds Edge,NICE GUYS,Stacks,"alter, caustic, wattson, wraith, ash","gibraltar, newcastle, sparrow",None,10,12,22,"September 08, 2025"
15705,Worlds Edge,LEGACY KINGDOM,Big Maude,"alter, caustic, wattson, wraith, ash","bangalore, catalyst, sparrow",None,6,9,15,"September 08, 2025"
15705,Worlds Edge,ZZ,Dome,"alter, caustic, wattson, wraith, ash","bangalore, fuse, sparrow",None,7,7,14,"September 08, 2025"
15705,Worlds Edge,FALCONS,Lava Fissure,"alter, caustic, wattson, wraith, ash","gibraltar, newcastle, rampart",None,10,4,14,"September 08, 2025"
15705,Worlds Edge,STALLIONS,Staging,"alter, caustic, wattson, wraith, ash","bangalore, newcastle, rampart",None,6,5,11,"September 08, 2025"
15705,Worlds Edge,CIMJ,Survey Camp,"alter, caustic, wattson, wraith, ash","newcastle, pathfinder, rampart",None,8,1,9,"September 08, 2025"
15705,Worlds Edge,TEAM LIQUID ALIENWARE,Overlook,"alter, caustic, wattson, wraith, ash","bangalore, newcastle, rampart",None,5,3,8,"September 08, 2025"
15705,Worlds Edge,OBLIVION,Harvester,"alter, caustic, wattson, wraith, ash","catalyst, gibraltar, newcastle",None,5,3,8,"September 08, 2025"
15705,Worlds Edge,14K RESONANCE,Countdown,"alter, caustic, wattson, wraith, ash","newcastle, pathfinder, rampart",None,1,2,3,"September 08, 2025"
15705,Worlds Edge,THE DURAGS,Mirage,"alter, caustic, wattson, wraith, ash","newcastle, pathfinder, rampart",None,1,2,3,"September 08, 2025"
15705,Worlds Edge,HOTDOG MAFIA,Tree,"alter, caustic, wattson, wraith, ash","newcastle, pathfinder, rampart",None,0,2,2,"September 08, 2025"
15705,Worlds Edge,5STAR,Thermal Station,"alter, caustic, wattson, wraith, ash","bangalore, fuse, sparrow",None,0,1,1,"September 08, 2025"
15705,Worlds Edge,ROC ESPORTS,Climatizer,"alter, caustic, wattson, wraith, ash","newcastle, pathfinder, sparrow",None,0,1,1,"September 08, 2025"
15705,Worlds Edge,TEAM INFERNO,Geyser,"alter, caustic, wattson, wraith, ash","pathfinder, rampart, sparrow",None,0,1,1,"September 08, 2025"
15705,Worlds Edge,THUGGETS,Landslide,"alter, caustic, wattson, wraith, ash","bangalore, newcastle, rampart",None,0,1,1,"September 08, 2025"
15705,Worlds Edge,LG,Launch Site,"alter, caustic, wattson, wraith, ash","catalyst, gibraltar, newcastle",None,1,0,1,"September 08, 2025"
15705,Worlds Edge,TSM,Skyhook West,"alter, caustic, wattson, wraith, ash","newcastle, pathfinder, sparrow",None,1,0,1,"September 08, 2025"
15705,Worlds Edge,SENTINELS,Lava Syphon,"alter, caustic, wattson, wraith, ash","bangalore, catalyst, newcastle",None,0,0,0,"September 08, 2025"
15705,Worlds Edge,100 THIEVES,Skyhook East,"alter, caustic, wattson, wraith, ash","bangalore, newcastle, rampart",None,0,0,0,"September 08, 2025"
15705,Worlds Edge,ZONE SPAMMERS,Monument,"alter, caustic, wattson, wraith, ash","bangalore, newcastle, rampart",None,0,0,0,"September 08, 2025"
15675,Worlds Edge,5STAR,Harvester,None,"alter, ash, caustic",None,16,12,28,"September 06, 2025"
15675,Worlds Edge,GAMBLERS JR,Landslide,None,"alter, ash, caustic",None,8,5,13,"September 06, 2025"
15675,Worlds Edge,FSC,Stacks,None,"alter, ash, caustic",None,2,9,11,"September 06, 2025"
15675,Worlds Edge,STORMTROOPERS,Geyser,None,"alter, caustic, gibraltar",None,2,7,9,"September 06, 2025"
15675,Worlds Edge,CORE 3,Skyhook West,None,"ash, caustic, crypto",None,6,3,9,"September 06, 2025"
15675,Worlds Edge,MEOWTH,Launch Site,None,"alter, caustic, sparrow",None,3,4,7,"September 06, 2025"
15675,Worlds Edge,GREASY BOYZ,Survey Camp,None,"catalyst, caustic, wattson",None,4,3,7,"September 06, 2025"
15675,Worlds Edge,KILLER CLOWNS,Skyhook East,None,"alter, ash, caustic",None,2,2,4,"September 06, 2025"
15675,Worlds Edge,FCK,Thermal Station,None,"ash, fuse, sparrow",None,3,1,4,"September 06, 2025"
15675,Worlds Edge,VLF R2,Fragment,None,"alter, bangalore, caustic",None,1,2,3,"September 06, 2025"
15675,Worlds Edge,DQLITOTEDEJAMOS,Big Maude,None,"alter, caustic, crypto",None,1,2,3,"September 06, 2025"
15675,Worlds Edge,THE NI HAO NUGGETS,Epicenter,None,"alter, caustic, sparrow",None,3,0,3,"September 06, 2025"
15675,Worlds Edge,PHANTOM,Overlook,None,"alter, bangalore, sparrow",None,1,1,2,"September 06, 2025"
15675,Worlds Edge,TENACITY,Lava Syphon,None,"alter, caustic, gibraltar",None,2,0,2,"September 06, 2025"
15675,Worlds Edge,GENESIS,Tree,None,"ash, caustic, crypto",None,0,1,1,"September 06, 2025"
15675,Worlds Edge,CAPIBARAS,Mirage,None,"sparrow, wattson, wraith",None,0,1,1,"September 06, 2025"
15675,Worlds Edge,CHAMPURRASKY,Dome,None,"ash, bangalore, sparrow",None,0,1,1,"September 06, 2025"
15675,Worlds Edge,FRANGO,Staging,None,"alter, bangalore, caustic",None,0,0,0,"September 06, 2025"
15675,Worlds Edge,JHJ,Climatizer,None,"caustic, horizon, newcastle",None,0,0,0,"September 06, 2025"
15675,Storm Point,FSC,Cenote Cave,None,"alter, ash, caustic",None,10,12,22,"September 06, 2025"
15675,Storm Point,GREASY BOYZ,Checkpoint,None,"catalyst, caustic, wattson",None,8,9,17,"September 06, 2025"
15675,Storm Point,KILLER CLOWNS,Launch Pad,None,"ash, caustic, sparrow",None,5,7,12,"September 06, 2025"
15675,Storm Point,TENACITY,Trident,None,"alter, caustic, gibraltar",None,7,5,12,"September 06, 2025"
15675,Storm Point,VLF R2,Jurassic,None,"alter, bangalore, caustic",None,5,4,9,"September 06, 2025"
15675,Storm Point,DQLITOTEDEJAMOS,Stormcatcher,None,"alter, caustic, crypto",None,6,3,9,"September 06, 2025"
15675,Storm Point,THE NI HAO NUGGETS,Devastated Coast,None,"alter, bangalore, sparrow",None,6,3,9,"September 06, 2025"
15675,Storm Point,GENESIS,Lightning Rod,None,"ash, caustic, crypto",None,2,2,4,"September 06, 2025"
15675,Storm Point,CHAMPURRASKY,Ceto Station,None,"ash, bangalore, sparrow",None,2,1,3,"September 06, 2025"
15675,Storm Point,FRANGO,Command Center,None,"alter, bangalore, caustic",None,0,2,2,"September 06, 2025"
15675,Storm Point,CAPIBARAS,Bean,None,"bangalore, sparrow, wattson",None,0,2,2,"September 06, 2025"
15675,Storm Point,PHANTOM,Zeus Station,None,"alter, bangalore, sparrow",None,1,1,2,"September 06, 2025"
15675,Storm Point,5STAR,Barometer,None,"alter, ash, caustic",None,1,1,2,"September 06, 2025"
15675,Storm Point,FCK,Wall,None,"alter, caustic, sparrow",None,1,1,2,"September 06, 2025"
15675,Storm Point,MEOWTH,Cliffside,None,"alter, caustic, sparrow",None,0,1,1,"September 06, 2025"
15675,Storm Point,GAMBLERS JR,Mill,None,"alter, ash, caustic",None,1,0,1,"September 06, 2025"
15675,Storm Point,STORMTROOPERS,Echo Station,None,"alter, caustic, gibraltar",None,0,0,0,"September 06, 2025"
15675,Storm Point,CORE 3,Coastal Camp,None,"ash, caustic, crypto",None,0,0,0,"September 06, 2025"
15675,Storm Point,JHJ,Mountain Lift,None,"horizon, newcastle",None,0,0,0,"September 06, 2025"
15675,E-District,FSC,Vibe Isle,None,"alter, ash, caustic",None,13,12,25,"September 06, 2025"
15675,E-District,TENACITY,Electro Dam,None,"alter, caustic, gibraltar",None,9,5,14,"September 06, 2025"
15675,E-District,CORE 3,Boardwalk,None,"ash, caustic, crypto",None,2,9,11,"September 06, 2025"
15675,E-District,GAMBLERS JR,City Hall,None,"alter, ash, caustic",None,6,4,10,"September 06, 2025"
15675,E-District,STORMTROOPERS,Shipyard Arcade,None,"alter, caustic, gibraltar",None,1,7,8,"September 06, 2025"
15675,E-District,5STAR,Street Market,None,"alter, bangalore, caustic",None,6,2,8,"September 06, 2025"
15675,E-District,DQLITOTEDEJAMOS,Galleria,None,"alter, caustic, crypto",None,5,2,7,"September 06, 2025"
15675,E-District,THE NI HAO NUGGETS,Blossom Drive,None,"alter, fuse, sparrow",None,5,2,7,"September 06, 2025"
15675,E-District,GENESIS,Heights,None,"ash, caustic, crypto",None,1,3,4,"September 06, 2025"
15675,E-District,FCK,Old Town,None,"ash, fuse, sparrow",None,3,1,4,"September 06, 2025"
15675,E-District,PHANTOM,Humbert Labs,None,"alter, bangalore, sparrow",None,0,3,3,"September 06, 2025"
15675,E-District,FRANGO,Resort,None,"alter, bangalore, crypto",None,2,1,3,"September 06, 2025"
15675,E-District,CAPIBARAS,Settlement,None,"alter, sparrow, wattson",None,1,1,2,"September 06, 2025"
15675,E-District,CHAMPURRASKY,Neon Square,None,"alter, ash, caustic",None,1,1,2,"September 06, 2025"
15675,E-District,KILLER CLOWNS,Energy Bank,None,"alter, caustic, crypto",None,0,1,1,"September 06, 2025"
15675,E-District,GREASY BOYZ,Viaduct,None,"caustic, wattson, wraith",None,1,0,1,"September 06, 2025"
15675,E-District,VLF R2,Canal Plaza,None,"alter, bangalore, caustic",None,0,0,0,"September 06, 2025"
15675,E-District,MEOWTH,Stadium,None,"alter, caustic, sparrow",None,0,0,0,"September 06, 2025"
15675,E-District,JHJ,Draft Point,None,"alter, caustic, newcastle",None,0,0,0,"September 06, 2025"
15675,E-District,STORMTROOPERS,Settlement,None,"alter, caustic, gibraltar",None,11,12,23,"September 06, 2025"
15675,E-District,FSC,City Hall,None,"alter, ash, caustic",None,14,7,21,"September 06, 2025"
15675,E-District,THE NI HAO NUGGETS,Blossom Drive,None,"alter, fuse, sparrow",None,10,9,19,"September 06, 2025"
15675,E-District,DQLITOTEDEJAMOS,Lotus,None,"alter, caustic, crypto",None,6,4,10,"September 06, 2025"
15675,E-District,PHANTOM,Shipyard Arcade,None,"alter, bangalore, sparrow",None,8,2,10,"September 06, 2025"
15675,E-District,KILLER CLOWNS,Resort,None,"alter, caustic, crypto",None,1,5,6,"September 06, 2025"
15675,E-District,CAPIBARAS,Energy Bank,None,"alter, newcastle, sparrow",None,2,3,5,"September 06, 2025"
15675,E-District,5STAR,Viaduct,None,"alter, caustic, wraith",None,4,1,5,"September 06, 2025"
15675,E-District,GREASY BOYZ,Old Town,None,"caustic, wattson, wraith",None,1,3,4,"September 06, 2025"
15675,E-District,CORE 3,Canal Plaza,None,"ash, caustic, crypto",None,2,2,4,"September 06, 2025"
15675,E-District,FCK,Humbert Labs,None,"ash, fuse, sparrow",None,2,2,4,"September 06, 2025"
15675,E-District,VLF R2,Boardwalk,None,"alter, bangalore, caustic",None,0,1,1,"September 06, 2025"
15675,E-District,CHAMPURRASKY,Galleria,None,"alter, ash, caustic",None,0,1,1,"September 06, 2025"
15675,E-District,MEOWTH,Draft Point,None,"alter, caustic, sparrow",None,0,1,1,"September 06, 2025"
15675,E-District,GAMBLERS JR,Neon Square,None,"alter, ash, caustic",None,0,1,1,"September 06, 2025"
15675,E-District,FRANGO,Street Market,None,"alter, bangalore, crypto",None,1,0,1,"September 06, 2025"
15675,E-District,TENACITY,Stadium,None,"alter, caustic, gibraltar",None,0,0,0,"September 06, 2025"
15675,E-District,JHJ,Heights,None,"ash, caustic, newcastle",None,0,0,0,"September 06, 2025"
15675,E-District,GENESIS,Vibe Isle,None,"ash, caustic, crypto",None,0,0,0,"September 06, 2025"
6257,Storm Point,TBD,Echo Station,None,"alter, ash, caustic",None,13,12,25,"September 05, 2025"
6257,Storm Point,GORTHALAXIS,Launch Pad,None,"alter, bangalore, caustic",None,11,9,20,"September 05, 2025"
6257,Storm Point,3 LEGS 10 TOES,Pylon,None,"alter, bangalore, caustic",None,7,7,14,"September 05, 2025"
6257,Storm Point,DMG TRIALS,Lightning Rod,None,"alter, bangalore, sparrow",None,7,3,10,"September 05, 2025"
6257,Storm Point,KRYPTIC,Wall,None,"alter, bangalore, caustic",None,5,4,9,"September 05, 2025"
6257,Storm Point,NEANDERTHALS,Jurassic,None,"alter, bangalore, caustic",None,4,3,7,"September 05, 2025"
6257,Storm Point,CHAMPURRASKY,Downed Beast,None,"ash, bangalore, sparrow",None,6,1,7,"September 05, 2025"
6257,Storm Point,GAMBLERS JR,Coastal Camp,None,"alter, ash, caustic",None,1,5,6,"September 05, 2025"
6257,Storm Point,MFI,Barometer,None,"alter, caustic, sparrow",None,4,2,6,"September 05, 2025"
6257,Storm Point,STD,Devastated Coast,None,"alter, bangalore, caustic",None,3,1,4,"September 05, 2025"
6257,Storm Point,FK,Mill,None,"ash, caustic, sparrow",None,1,2,3,"September 05, 2025"
6257,Storm Point,GREASY BOYZ,Ceto Station,None,"alter, caustic, sparrow",None,1,2,3,"September 05, 2025"
6257,Storm Point,STICKERS,North Pad,None,"alter, bangalore, crypto",None,2,1,3,"September 05, 2025"
6257,Storm Point,KILLER CLOWNS,Zeus Station,None,"bangalore, caustic, sparrow",None,2,1,3,"September 05, 2025"
6257,Storm Point,MEOWTH,Stormcatcher,None,"alter, bangalore, caustic",None,1,1,2,"September 05, 2025"
6257,Storm Point,VLF R2,Command Center,None,"alter, bangalore, caustic",None,1,0,1,"September 05, 2025"
6257,Storm Point,KTW,Mountain Lift,None,"ash, conduit, madmaggie",None,0,0,0,"September 05, 2025"
6257,Storm Point,STR8 FLUSH'N,Cenote Cave,None,"alter, caustic, gibraltar",None,0,0,0,"September 05, 2025"
6257,Storm Point,GASSED UP ESPORTS,Cliffside,None,"ash, bangalore, caustic",None,0,0,0,"September 05, 2025"
6257,Storm Point,MISFIT LEGENDS,Trident,None,"alter, caustic, sparrow",None,0,0,0,"September 05, 2025"
6257,Storm Point,MFI,Echo Station,None,"alter, caustic, sparrow",None,12,12,24,"September 05, 2025"
6257,Storm Point,STICKERS,Mill,None,"alter, bangalore, crypto",None,15,9,24,"September 05, 2025"
6257,Storm Point,VLF R2,Checkpoint,None,"alter, bangalore, caustic",None,6,7,13,"September 05, 2025"
6257,Storm Point,KILLER CLOWNS,Cenote Cave,None,"bangalore, caustic, sparrow",None,4,4,8,"September 05, 2025"
6257,Storm Point,NEANDERTHALS,Devastated Coast,None,"alter, bangalore, caustic",None,6,2,8,"September 05, 2025"
6257,Storm Point,CHAMPURRASKY,Ceto Station,None,"ash, bangalore, sparrow",None,6,2,8,"September 05, 2025"
6257,Storm Point,STD,Zeus Station,None,"alter, bangalore, caustic",None,2,5,7,"September 05, 2025"
6257,Storm Point,GORTHALAXIS,Stormcatcher,None,"alter, bangalore, caustic",None,2,3,5,"September 05, 2025"
6257,Storm Point,GREASY BOYZ,Cliffside,None,"alter, caustic, sparrow",None,3,1,4,"September 05, 2025"
6257,Storm Point,3 LEGS 10 TOES,Cascade Falls,None,"alter, bangalore, caustic",None,0,3,3,"September 05, 2025"
6257,Storm Point,STR8 FLUSH'N,Wall,None,"alter, caustic, gibraltar",None,3,0,3,"September 05, 2025"
6257,Storm Point,FK,Pylon,None,"ash, caustic, sparrow",None,0,2,2,"September 05, 2025"
6257,Storm Point,GAMBLERS JR,Coastal Camp,None,"alter, ash, caustic",None,0,1,1,"September 05, 2025"
6257,Storm Point,KTW,Bean,None,"ash, caustic, conduit",None,0,1,1,"September 05, 2025"
6257,Storm Point,MEOWTH,Lightning Rod,None,"caustic, newcastle, valkyrie",None,0,1,1,"September 05, 2025"
6257,Storm Point,KRYPTIC,North Pad,None,"alter, bangalore, caustic",None,0,1,1,"September 05, 2025"
6257,Storm Point,TBD,Command Center,None,"alter, ash, caustic",None,0,0,0,"September 05, 2025"
6257,Storm Point,MISFIT LEGENDS,Launch Pad,None,"alter, caustic, sparrow",None,0,0,0,"September 05, 2025"
6257,Storm Point,GASSED UP ESPORTS,Trident,None,"ash, bangalore, caustic",None,0,0,0,"September 05, 2025"
6257,Storm Point,DMG TRIALS,Downed Beast,None,"alter, bangalore, sparrow",None,0,0,0,"September 05, 2025"
6257,Storm Point,GAMBLERS JR,Jurassic,None,"alter, ash, caustic",None,10,12,22,"September 05, 2025"
6257,Storm Point,STD,Echo Station,None,"alter, bangalore, caustic",None,6,9,15,"September 05, 2025"
6257,Storm Point,CHAMPURRASKY,Launch Pad,None,"ash, bangalore, sparrow",None,8,7,15,"September 05, 2025"
6257,Storm Point,NEANDERTHALS,Trident,None,"alter, ash, caustic",None,7,5,12,"September 05, 2025"
6257,Storm Point,FK,Zeus Station,None,"ash, caustic, sparrow",None,6,3,9,"September 05, 2025"
6257,Storm Point,STICKERS,Cliffside,None,"alter, bangalore, crypto",None,7,1,8,"September 05, 2025"
6257,Storm Point,3 LEGS 10 TOES,Cascade Falls,None,"alter, bangalore, caustic",None,3,4,7,"September 05, 2025"
6257,Storm Point,STR8 FLUSH'N,Cenote Cave,None,"alter, caustic, gibraltar",None,6,1,7,"September 05, 2025"
6257,Storm Point,MISFIT LEGENDS,Checkpoint,None,"alter, caustic, sparrow",None,4,2,6,"September 05, 2025"
6257,Storm Point,MFI,Barometer,None,"alter, caustic, sparrow",None,4,1,5,"September 05, 2025"
6257,Storm Point,KILLER CLOWNS,Coastal Camp,None,"bangalore, caustic, sparrow",None,1,3,4,"September 05, 2025"
6257,Storm Point,GREASY BOYZ,Ceto Station,None,"alter, caustic, sparrow",None,0,2,2,"September 05, 2025"
6257,Storm Point,TBD,North Pad,None,"alter, ash, caustic",None,0,2,2,"September 05, 2025"
6257,Storm Point,DMG TRIALS,Wall,None,"alter, bangalore, sparrow",None,2,0,2,"September 05, 2025"
6257,Storm Point,GORTHALAXIS,Mountain Lift,None,"alter, bangalore, caustic",None,0,1,1,"September 05, 2025"
6257,Storm Point,GASSED UP ESPORTS,Command Center,None,"ash, caustic, sparrow",None,0,1,1,"September 05, 2025"
6257,Storm Point,VLF R2,Pylon,None,"alter, bangalore, caustic",None,1,0,1,"September 05, 2025"
6257,Storm Point,MEOWTH,Mill,None,"alter, ash, caustic",None,1,0,1,"September 05, 2025"
6257,Storm Point,KRYPTIC,Downed Beast,None,"alter, bangalore, caustic",None,0,0,0,"September 05, 2025"
6257,Storm Point,KTW,Stormcatcher,None,"alter, caustic, loba",None,0,0,0,"September 05, 2025"
6257,Storm Point,GAMBLERS JR,Devastated Coast,None,"alter, ash, caustic",None,13,12,25,"September 05, 2025"
6257,Storm Point,MFI,Checkpoint,None,"ash, caustic, sparrow",None,9,9,18,"September 05, 2025"
6257,Storm Point,NEANDERTHALS,Mill,None,"alter, caustic, horizon",None,13,4,17,"September 05, 2025"
6257,Storm Point,GREASY BOYZ,North Pad,None,"alter, caustic, sparrow",None,7,5,12,"September 05, 2025"
6257,Storm Point,KILLER CLOWNS,Coastal Camp,None,"ash, caustic, sparrow",None,3,7,10,"September 05, 2025"
6257,Storm Point,STR8 FLUSH'N,Jurassic,None,"alter, caustic, gibraltar",None,6,2,8,"September 05, 2025"
6257,Storm Point,CHAMPURRASKY,Zeus Station,None,"ash, bangalore, sparrow",None,2,3,5,"September 05, 2025"
6257,Storm Point,STD,Downed Beast,None,"alter, caustic, newcastle",None,3,1,4,"September 05, 2025"
6257,Storm Point,DMG TRIALS,Cenote Cave,None,"alter, bangalore, sparrow",None,0,3,3,"September 05, 2025"
6257,Storm Point,TBD,Echo Station,None,"alter, ash, caustic",None,2,1,3,"September 05, 2025"
6257,Storm Point,KTW,Pylon,None,"alter, bangalore, caustic",None,0,2,2,"September 05, 2025"
6257,Storm Point,MEOWTH,Mountain Lift,None,"ash, caustic, sparrow",None,0,2,2,"September 05, 2025"
6257,Storm Point,KRYPTIC,Cascade Falls,None,"alter, bangalore, caustic",None,1,1,2,"September 05, 2025"
6257,Storm Point,GASSED UP ESPORTS,Stormcatcher,None,"ash, caustic, fuse",None,1,1,2,"September 05, 2025"
6257,Storm Point,MISFIT LEGENDS,Trident,None,"alter, caustic, sparrow",None,2,0,2,"September 05, 2025"
6257,Storm Point,VLF R2,Command Center,None,"alter, bangalore, caustic",None,2,0,2,"September 05, 2025"
6257,Storm Point,FK,Bean,None,"ash, caustic, sparrow",None,0,1,1,"September 05, 2025"
6257,Storm Point,GORTHALAXIS,Barometer,None,"alter, bangalore, caustic",None,0,0,0,"September 05, 2025"
6257,Storm Point,3 LEGS 10 TOES,Cliffside,None,"alter, bangalore, caustic",None,0,0,0,"September 05, 2025"
6257,Storm Point,STICKERS,Lightning Rod,None,"bangalore, crypto",None,0,0,0,"September 05, 2025"
6256,Storm Point,CONSCIOUS,Mill,None,"ash, caustic, crypto",None,7,12,19,"September 05, 2025"
6256,Storm Point,JHJ,Stormcatcher,None,"alter, caustic, newcastle",None,10,5,15,"September 05, 2025"
6256,Storm Point,SPECTER,Ceto Station,None,"ash, bangalore, caustic",None,5,9,14,"September 05, 2025"
6256,Storm Point,BBL,Command Center,None,"alter, caustic, sparrow",None,6,7,13,"September 05, 2025"
6256,Storm Point,PHANTOM ESPORTS,Cliffside,None,"ash, bangalore, caustic",None,7,3,10,"September 05, 2025"
6256,Storm Point,FRANGO,Cascade Falls,None,"alter, caustic, crypto",None,7,2,9,"September 05, 2025"
6256,Storm Point,JAWNS GRANDKIDS,Lightning Rod,None,"alter, ash, caustic",None,6,1,7,"September 05, 2025"
6256,Storm Point,STORMTROOPERS,Pylon,None,"alter, caustic, gibraltar",None,2,4,6,"September 05, 2025"
6256,Storm Point,DONJUANIGANS,Mountain Lift,None,"alter, ash, caustic",None,3,2,5,"September 05, 2025"
6256,Storm Point,GALAXY GAMING,Launch Pad,None,"alter, caustic, sparrow",None,2,2,4,"September 05, 2025"
6256,Storm Point,THE DURAGS,Downed Beast,None,"alter, bangalore, wattson",None,3,1,4,"September 05, 2025"
6256,Storm Point,ZEST FEST,North Pad,None,"alter, bangalore, caustic",None,4,0,4,"September 05, 2025"
6256,Storm Point,ZERO SANITY,Checkpoint,None,"alter, bangalore, caustic",None,0,3,3,"September 05, 2025"
6256,Storm Point,UNDECIDED,Wall,None,"alter, bangalore, caustic",None,2,1,3,"September 05, 2025"
6256,Storm Point,CIMJ2,Devastated Coast,None,"alter, caustic, crypto",None,0,1,1,"September 05, 2025"
6256,Storm Point,FONEM FREDDIES,Barometer,None,"ash, caustic, sparrow",None,0,1,1,"September 05, 2025"
6256,Storm Point,JUST MET,Bean,None,"alter, bangalore, wattson",None,1,0,1,"September 05, 2025"
6256,Storm Point,CIMJ MX,Coastal Camp,None,"alter, caustic, gibraltar",None,1,0,1,"September 05, 2025"
6256,Storm Point,HAMMAHZ,Trident,None,"bangalore, caustic, sparrow",None,0,0,0,"September 05, 2025"
6256,Storm Point,TENACITY,Jurassic,None,"ash, bangalore, caustic",None,0,0,0,"September 05, 2025"
6256,Storm Point,JHJ,Launch Pad,None,"alter, caustic, newcastle",None,6,12,18,"September 05, 2025"
6256,Storm Point,CONSCIOUS,Cliffside,None,"ash, caustic, crypto",None,7,9,16,"September 05, 2025"
6256,Storm Point,TENACITY,Devastated Coast,None,"ash, bangalore, caustic",None,10,3,13,"September 05, 2025"
6256,Storm Point,CIMJ2,Pylon,None,"alter, caustic, crypto",None,7,5,12,"September 05, 2025"
6256,Storm Point,THE DURAGS,Downed Beast,None,"alter, caustic, gibraltar",None,4,7,11,"September 05, 2025"
6256,Storm Point,SPECTER,North Pad,None,"ash, bangalore, caustic",None,7,4,11,"September 05, 2025"
6256,Storm Point,HAMMAHZ,Cascade Falls,None,"alter, bangalore, caustic",None,8,2,10,"September 05, 2025"
6256,Storm Point,GALAXY GAMING,Jurassic,None,"alter, sparrow, wattson",None,2,2,4,"September 05, 2025"
6256,Storm Point,JUST MET,Checkpoint,None,"bangalore, newcastle, wattson",None,3,1,4,"September 05, 2025"
6256,Storm Point,STORMTROOPERS,Zeus Station,None,"alter, caustic, gibraltar",None,0,3,3,"September 05, 2025"
6256,Storm Point,FRANGO,Barometer,None,"alter, bangalore, caustic",None,3,0,3,"September 05, 2025"
6256,Storm Point,BBL,Mountain Lift,None,"alter, caustic, sparrow",None,0,2,2,"September 05, 2025"
6256,Storm Point,UNDECIDED,Stormcatcher,None,"alter, bangalore, caustic",None,1,1,2,"September 05, 2025"
6256,Storm Point,CIMJ MX,Coastal Camp,None,"alter, caustic, gibraltar",None,1,1,2,"September 05, 2025"
6256,Storm Point,PHANTOM ESPORTS,Bean,None,"alter, bangalore, caustic",None,0,1,1,"September 05, 2025"
6256,Storm Point,DONJUANIGANS,Mill,None,"alter, ash, caustic",None,0,1,1,"September 05, 2025"
6256,Storm Point,ZERO SANITY,Ceto Station,None,"alter, bangalore, caustic",None,1,0,1,"September 05, 2025"
6256,Storm Point,ZEST FEST,Trident,None,"alter, bangalore, caustic",None,0,0,0,"September 05, 2025"
6256,Storm Point,FONEM FREDDIES,Echo Station,None,"ash, caustic, sparrow",None,0,0,0,"September 05, 2025"
6256,Storm Point,JAWNS GRANDKIDS,Lightning Rod,None,"alter, ash, caustic",None,0,0,0,"September 05, 2025"
6256,Storm Point,THE DURAGS,Downed Beast,None,"alter, caustic, gibraltar",None,5,12,17,"September 05, 2025"
6256,Storm Point,CONSCIOUS,Launch Pad,None,"ash, caustic, crypto",None,7,9,16,"September 05, 2025"
6256,Storm Point,UNDECIDED,Echo Station,None,"alter, bangalore, caustic",None,5,7,12,"September 05, 2025"
6256,Storm Point,JHJ,Cenote Cave,None,"alter, caustic, newcastle",None,7,5,12,"September 05, 2025"
6256,Storm Point,HAMMAHZ,Jurassic,None,"alter, bangalore, caustic",None,7,4,11,"September 05, 2025"
6256,Storm Point,ZERO SANITY,Cliffside,None,"alter, caustic, gibraltar",None,6,3,9,"September 05, 2025"
6256,Storm Point,FONEM FREDDIES,North Pad,None,"ash, caustic, sparrow",None,8,1,9,"September 05, 2025"
6256,Storm Point,ZEST FEST,Pylon,None,"alter, bangalore, caustic",None,5,3,8,"September 05, 2025"
6256,Storm Point,GALAXY GAMING,Ceto Station,None,"alter, sparrow, wattson",None,2,2,4,"September 05, 2025"
6256,Storm Point,CIMJ2,Zeus Station,None,"alter, caustic, crypto",None,0,2,2,"September 05, 2025"
6256,Storm Point,STORMTROOPERS,Mountain Lift,None,"alter, caustic, gibraltar",None,0,2,2,"September 05, 2025"
6256,Storm Point,PHANTOM ESPORTS,Command Center,None,"alter, bangalore, caustic",None,0,1,1,"September 05, 2025"
6256,Storm Point,JUST MET,Bean,None,"bangalore, newcastle, wattson",None,0,1,1,"September 05, 2025"
6256,Storm Point,DONJUANIGANS,Mill,None,"alter, ash, caustic",None,0,1,1,"September 05, 2025"
6256,Storm Point,SPECTER,Barometer,None,"ash, bangalore, caustic",None,0,1,1,"September 05, 2025"
6256,Storm Point,TENACITY,Wall,None,"ash, bangalore, caustic",None,1,0,1,"September 05, 2025"
6256,Storm Point,BBL,Stormcatcher,None,"alter, caustic, sparrow",None,1,0,1,"September 05, 2025"
6256,Storm Point,FRANGO,Devastated Coast,None,"alter, bangalore, caustic",None,0,0,0,"September 05, 2025"
6256,Storm Point,JAWNS GRANDKIDS,Trident,None,"alter, ash, caustic",None,0,0,0,"September 05, 2025"
6256,Storm Point,CIMJ MX,Lightning Rod,None,"alter, caustic, gibraltar",None,0,0,0,"September 05, 2025"
6256,Storm Point,CIMJ MX,Cascade Falls,None,"alter, caustic, gibraltar",None,14,12,26,"September 05, 2025"
6256,Storm Point,FONEM FREDDIES,Trident,None,"ash, caustic, sparrow",None,7,9,16,"September 05, 2025"
6256,Storm Point,CIMJ2,Cenote Cave,None,"alter, caustic, crypto",None,8,7,15,"September 05, 2025"
6256,Storm Point,STORMTROOPERS,Devastated Coast,None,"alter, caustic, gibraltar",None,3,5,8,"September 05, 2025"
6256,Storm Point,BBL,Echo Station,None,"alter, caustic, sparrow",None,5,3,8,"September 05, 2025"
6256,Storm Point,THE DURAGS,Downed Beast,None,"alter, caustic, gibraltar",None,3,4,7,"September 05, 2025"
6256,Storm Point,PHANTOM ESPORTS,Launch Pad,None,"alter, bangalore, caustic",None,3,3,6,"September 05, 2025"
6256,Storm Point,ZEST FEST,Wall,None,"alter, caustic, gibraltar",None,3,2,5,"September 05, 2025"
6256,Storm Point,HAMMAHZ,Pylon,None,"alter, bangalore, caustic",None,3,1,4,"September 05, 2025"
6256,Storm Point,JHJ,Lightning Rod,None,"alter, caustic",None,1,2,3,"September 05, 2025"
6256,Storm Point,FRANGO,Command Center,None,"alter, bangalore, caustic",None,1,2,3,"September 05, 2025"
6256,Storm Point,TENACITY,Jurassic,None,"ash, bangalore, caustic",None,2,1,3,"September 05, 2025"
6256,Storm Point,UNDECIDED,Checkpoint,None,"alter, bangalore, caustic",None,0,1,1,"September 05, 2025"
6256,Storm Point,GALAXY GAMING,Ceto Station,None,"alter, caustic, sparrow",None,0,1,1,"September 05, 2025"
6256,Storm Point,SPECTER,Coastal Camp,None,"ash, bangalore, caustic",None,0,1,1,"September 05, 2025"
6256,Storm Point,CONSCIOUS,Mountain Lift,None,"alter, caustic, crypto",None,1,0,1,"September 05, 2025"
6256,Storm Point,ZERO SANITY,Bean,None,"ash, caustic, gibraltar",None,1,0,1,"September 05, 2025"
6256,Storm Point,JUST MET,Mill,None,"bangalore, newcastle, seer",None,0,0,0,"September 05, 2025"
6256,Storm Point,DONJUANIGANS,North Pad,None,"alter, ash, caustic",None,0,0,0,"September 05, 2025"
15678,E-District,CIMJ,Resort,None,"alter, bangalore, caustic",None,10,12,22,"September 05, 2025"
15678,E-District,BBL,Old Town,None,"alter, caustic, sparrow",None,7,9,16,"September 05, 2025"
15678,E-District,JAWNS GRANDKIDS,Galleria,None,"alter, ash, caustic",None,6,7,13,"September 05, 2025"
15678,E-District,PURPLE SLUSHEE,Settlement,None,"alter, sparrow, wattson",None,8,5,13,"September 05, 2025"
15678,E-District,HAMMAHZ,Energy Bank,None,"bangalore, caustic, sparrow",None,4,4,8,"September 05, 2025"
15678,E-District,CIMJ2,Boardwalk,None,"alter, caustic, crypto",None,5,2,7,"September 05, 2025"
15678,E-District,BEARCLAW ESPORTS,Draft Point,None,"alter, ash, caustic",None,3,3,6,"September 05, 2025"
15678,E-District,BROSKIS,Humbert Labs,None,"alter, caustic, sparrow",None,4,2,6,"September 05, 2025"
15678,E-District,CIMJ MX,Viaduct,None,"alter, caustic, gibraltar",None,1,3,4,"September 05, 2025"
15678,E-District,KSO,Heights,None,"alter, caustic, crypto",None,2,2,4,"September 05, 2025"
15678,E-District,F5 ESPORTS,Street Market,None,"alter, ash, caustic",None,3,1,4,"September 05, 2025"
15678,E-District,LURKERS,Electro Dam,None,"alter, caustic, sparrow",None,2,1,3,"September 05, 2025"
15678,E-District,UNDECIDED,Canal Plaza,None,"alter, bangalore, caustic",None,2,1,3,"September 05, 2025"
15678,E-District,GODZ AMONG MEN,Vibe Isle,None,"alter, bangalore, caustic",None,3,0,3,"September 05, 2025"
15678,E-District,ASIANBANGER,Neon Square,None,"alter, bangalore, caustic",None,1,1,2,"September 05, 2025"
15678,E-District,ZESTY BESTIES,Blossom Drive,None,"alter, bangalore, caustic",None,0,1,1,"September 05, 2025"
15678,E-District,FONEM FREDDIES,Stadium,None,"alter, caustic, sparrow",None,1,0,1,"September 05, 2025"
15678,E-District,BKR,Lotus,None,"alter, bangalore, caustic",None,1,0,1,"September 05, 2025"
15678,E-District,JHJ,Shipyard Arcade,None,"alter, caustic, newcastle",None,0,0,0,"September 05, 2025"
15678,E-District,GAMBLERS,City Hall,None,"alter, bangalore, caustic",None,0,0,0,"September 05, 2025"
15678,E-District,UNDECIDED,Old Town,alter,"alter, bangalore, caustic",alter,12,12,24,"September 05, 2025"
15678,E-District,CIMJ MX,Energy Bank,alter,"alter, caustic, gibraltar",alter,6,9,15,"September 05, 2025"
15678,E-District,PURPLE SLUSHEE,Viaduct,alter,"alter, caustic, sparrow",alter,7,7,14,"September 05, 2025"
15678,E-District,ZESTY BESTIES,Settlement,alter,"alter, bangalore, caustic",alter,6,4,10,"September 05, 2025"
15678,E-District,ASIANBANGER,Neon Square,alter,"alter, bangalore, caustic",alter,6,2,8,"September 05, 2025"
15678,E-District,BKR,Draft Point,alter,"alter, bangalore, caustic",alter,2,5,7,"September 05, 2025"
15678,E-District,KSO,Lotus,alter,"alter, caustic, crypto",alter,2,3,5,"September 05, 2025"
15678,E-District,BBL,Heights,alter,"alter, caustic, sparrow",alter,2,3,5,"September 05, 2025"
15678,E-District,GAMBLERS,Electro Dam,alter,"alter, bangalore, caustic",alter,3,2,5,"September 05, 2025"
15678,E-District,BROSKIS,City Hall,alter,"alter, caustic, sparrow",alter,4,1,5,"September 05, 2025"
15678,E-District,HAMMAHZ,Canal Plaza,alter,"bangalore, caustic, sparrow",None,2,2,4,"September 05, 2025"
15678,E-District,CIMJ2,Vibe Isle,alter,"alter, caustic, crypto",alter,2,1,3,"September 05, 2025"
15678,E-District,LURKERS,Galleria,alter,"alter, caustic, sparrow",alter,2,1,3,"September 05, 2025"
15678,E-District,JHJ,Shipyard Arcade,alter,"alter, caustic, newcastle",alter,2,1,3,"September 05, 2025"
15678,E-District,CIMJ,Boardwalk,alter,"alter, bangalore, caustic",alter,3,0,3,"September 05, 2025"
15678,E-District,GODZ AMONG MEN,Stadium,alter,"alter, bangalore, caustic",alter,3,0,3,"September 05, 2025"
15678,E-District,JAWNS GRANDKIDS,Humbert Labs,alter,"alter, ash, caustic",alter,3,0,3,"September 05, 2025"
15678,E-District,BEARCLAW ESPORTS,Resort,alter,"alter, ash, caustic",alter,2,0,2,"September 05, 2025"
15678,E-District,FONEM FREDDIES,Blossom Drive,alter,"alter, caustic, sparrow",alter,0,1,1,"September 05, 2025"
15678,E-District,F5 ESPORTS,Street Market,alter,"alter, ash, caustic",alter,1,0,1,"September 05, 2025"
15678,E-District,LURKERS,Neon Square,"alter, caustic","alter, caustic, sparrow",alter,8,12,20,"September 05, 2025"
15678,E-District,JAWNS GRANDKIDS,Heights,"alter, caustic","alter, ash, caustic",alter,11,7,18,"September 05, 2025"
15678,E-District,BBL,Viaduct,"alter, caustic","alter, caustic, sparrow",alter,6,9,15,"September 05, 2025"
15678,E-District,CIMJ2,Old Town,"alter, caustic","alter, caustic, crypto",alter,6,4,10,"September 05, 2025"
15678,E-District,GAMBLERS,Galleria,"alter, caustic","alter, bangalore, caustic",alter,7,3,10,"September 05, 2025"
15678,E-District,HAMMAHZ,Shipyard Arcade,"alter, caustic","bangalore, caustic, sparrow",caustic,4,5,9,"September 05, 2025"
15678,E-District,CIMJ MX,Blossom Drive,"alter, caustic","alter, caustic, gibraltar",alter,3,2,5,"September 05, 2025"
15678,E-District,UNDECIDED,Draft Point,"alter, caustic","alter, bangalore, caustic",alter,4,1,5,"September 05, 2025"
15678,E-District,GODZ AMONG MEN,Humbert Labs,"alter, caustic","alter, bangalore, caustic",alter,3,1,4,"September 05, 2025"
15678,E-District,ZESTY BESTIES,Boardwalk,"alter, caustic","alter, bangalore, caustic",alter,3,1,4,"September 05, 2025"
15678,E-District,ASIANBANGER,Lotus,"alter, caustic","alter, bangalore, caustic",alter,0,3,3,"September 05, 2025"
15678,E-District,BKR,Street Market,"alter, caustic","alter, bangalore, caustic",alter,1,2,3,"September 05, 2025"
15678,E-District,JHJ,Vibe Isle,"alter, caustic","alter, caustic, newcastle",alter,2,1,3,"September 05, 2025"
15678,E-District,KSO,City Hall,"alter, caustic","alter, caustic, crypto",alter,0,2,2,"September 05, 2025"
15678,E-District,CIMJ,Settlement,"alter, caustic","alter, bangalore, caustic",alter,0,1,1,"September 05, 2025"
15678,E-District,F5 ESPORTS,Electro Dam,"alter, caustic","alter, ash, caustic",alter,0,0,0,"September 05, 2025"
15678,E-District,BROSKIS,Stadium,"alter, caustic",caustic,caustic,0,0,0,"September 05, 2025"
15678,E-District,FONEM FREDDIES,Energy Bank,"alter, caustic","alter, caustic, sparrow",alter,0,0,0,"September 05, 2025"
15678,E-District,PURPLE SLUSHEE,Canal Plaza,"alter, caustic","alter, caustic, sparrow",alter,0,0,0,"September 05, 2025"
15678,E-District,BEARCLAW ESPORTS,Resort,"alter, caustic","alter, ash, caustic",alter,0,0,0,"September 05, 2025"
15678,E-District,GAMBLERS,Canal Plaza,"alter, caustic","alter, bangalore, caustic",alter,13,9,22,"September 05, 2025"
15678,E-District,BBL,Lotus,"alter, caustic","alter, caustic, sparrow",alter,6,12,18,"September 05, 2025"
15678,E-District,FONEM FREDDIES,Heights,"alter, caustic","alter, caustic, sparrow",alter,5,7,12,"September 05, 2025"
15678,E-District,CIMJ,Blossom Drive,"alter, caustic","alter, bangalore, caustic",alter,6,4,10,"September 05, 2025"
15678,E-District,BKR,Stadium,"alter, caustic","alter, bangalore, caustic",alter,6,3,9,"September 05, 2025"
15678,E-District,UNDECIDED,Street Market,"alter, caustic","alter, bangalore, caustic",alter,2,5,7,"September 05, 2025"
15678,E-District,KSO,Energy Bank,"alter, caustic","alter, caustic, crypto",alter,3,3,6,"September 05, 2025"
15678,E-District,F5 ESPORTS,City Hall,"alter, caustic","alter, ash, caustic",alter,5,1,6,"September 05, 2025"
15678,E-District,PURPLE SLUSHEE,Vibe Isle,"alter, caustic","alter, sparrow, wattson",alter,4,1,5,"September 05, 2025"
15678,E-District,GODZ AMONG MEN,Draft Point,"alter, caustic","alter, bangalore, caustic",alter,4,1,5,"September 05, 2025"
15678,E-District,BEARCLAW ESPORTS,Boardwalk,"alter, caustic","ash, caustic, crypto",caustic,2,2,4,"September 05, 2025"
15678,E-District,LURKERS,Humbert Labs,"alter, caustic","alter, caustic, sparrow",alter,1,2,3,"September 05, 2025"
15678,E-District,CIMJ2,Galleria,"alter, caustic","caustic, crypto",caustic,1,2,3,"September 05, 2025"
15678,E-District,ZESTY BESTIES,Electro Dam,"alter, caustic","alter, bangalore, caustic",alter,1,1,2,"September 05, 2025"
15678,E-District,JAWNS GRANDKIDS,Viaduct,"alter, caustic","alter, ash, caustic",alter,1,1,2,"September 05, 2025"
15678,E-District,HAMMAHZ,Shipyard Arcade,"alter, caustic","bangalore, caustic, sparrow",caustic,1,0,1,"September 05, 2025"
15678,E-District,ASIANBANGER,Old Town,"alter, caustic","alter, bangalore, caustic",alter,1,0,1,"September 05, 2025"
15678,E-District,BROSKIS,Resort,"alter, caustic","alter, caustic, sparrow",alter,1,0,1,"September 05, 2025"
15678,E-District,CIMJ MX,Neon Square,"alter, caustic","alter, caustic, gibraltar",alter,0,0,0,"September 05, 2025"
15678,E-District,JHJ,Settlement,"alter, caustic","caustic, newcastle",caustic,0,0,0,"September 05, 2025"
15679,E-District,MALD BAITERS,Humbert Labs,None,"alter, caustic, crypto",None,9,12,21,"September 05, 2025"
15679,E-District,ZERO SANITY,Viaduct,None,"alter, bangalore, caustic",None,9,9,18,"September 05, 2025"
15679,E-District,2HUMANS1CLANKER,Old Town,None,"alter, wattson, wraith",None,10,7,17,"September 05, 2025"
15679,E-District,DMG TRIALS,Blossom Drive,None,"alter, ash, caustic",None,8,3,11,"September 05, 2025"
15679,E-District,STD,Shipyard Arcade,None,"alter, ash, caustic",None,3,5,8,"September 05, 2025"
15679,E-District,MT GIRTHMORE,Energy Bank,None,"alter, ash, caustic",None,7,1,8,"September 05, 2025"
15679,E-District,GAINS,Neon Square,None,"alter, crypto, gibraltar",None,3,3,6,"September 05, 2025"
15679,E-District,R5R,Vibe Isle,None,"alter, bangalore, caustic",None,1,4,5,"September 05, 2025"
15679,E-District,FREAKAZOIDS,Draft Point,None,"alter, caustic, gibraltar",None,3,2,5,"September 05, 2025"
15679,E-District,SHAKECITY,Settlement,None,"alter, bangalore, caustic",None,2,2,4,"September 05, 2025"
15679,E-District,OBSIDIAN,Boardwalk,None,"alter, bangalore, wattson",None,2,1,3,"September 05, 2025"
15679,E-District,CHRONICLE,Canal Plaza,None,"alter, caustic, sparrow",None,2,1,3,"September 05, 2025"
15679,E-District,MFI,Heights,None,"alter, caustic, sparrow",None,0,2,2,"September 05, 2025"
15679,E-District,EXILERGN,City Hall,None,"alter, bangalore, caustic",None,1,1,2,"September 05, 2025"
15679,E-District,GALAXY GAMING,Stadium,None,"alter, caustic, sparrow",None,2,0,2,"September 05, 2025"
15679,E-District,CARNE ASADA,Electro Dam,None,"alter, bangalore, caustic",None,2,0,2,"September 05, 2025"
15679,E-District,KRYPTIC,Street Market,None,"alter, bangalore, caustic",None,0,1,1,"September 05, 2025"
15679,E-District,PHANTOM,Lotus,None,"alter, bangalore, sparrow",None,0,0,0,"September 05, 2025"
15679,E-District,PAVE ESPORTS,Resort,None,"bangalore, caustic, sparrow",None,0,0,0,"September 05, 2025"
15679,E-District,HAKIKIMORI,Galleria,None,"alter, caustic, gibraltar",None,0,0,0,"September 05, 2025"
15679,E-District,2HUMANS1CLANKER,Heights,None,"alter, wattson, wraith",None,9,9,18,"September 05, 2025"
15679,E-District,HAKIKIMORI,Settlement,None,"alter, caustic, gibraltar",None,12,5,17,"September 05, 2025"
15679,E-District,ZERO SANITY,Vibe Isle,None,"alter, bangalore, caustic",None,4,12,16,"September 05, 2025"
15679,E-District,GALAXY GAMING,Humbert Labs,None,"alter, caustic, sparrow",None,5,7,12,"September 05, 2025"
15679,E-District,DMG TRIALS,Electro Dam,None,"alter, bangalore, caustic",None,10,2,12,"September 05, 2025"
15679,E-District,PAVE ESPORTS,Draft Point,None,"ash, caustic, sparrow",None,4,4,8,"September 05, 2025"
15679,E-District,MT GIRTHMORE,Galleria,None,"alter, ash, caustic",None,6,1,7,"September 05, 2025"
15679,E-District,CHRONICLE,Canal Plaza,None,"alter, caustic, sparrow",None,3,3,6,"September 05, 2025"
15679,E-District,GAINS,Street Market,None,"alter, crypto, gibraltar",None,3,2,5,"September 05, 2025"
15679,E-District,R5R,Stadium,None,"alter, bangalore, caustic",None,3,1,4,"September 05, 2025"
15679,E-District,EXILERGN,Old Town,None,"alter, bangalore, caustic",None,3,1,4,"September 05, 2025"
15679,E-District,PHANTOM,Shipyard Arcade,None,"alter, bangalore, sparrow",None,0,3,3,"September 05, 2025"
15679,E-District,KRYPTIC,Lotus,None,"alter, bangalore, caustic",None,1,2,3,"September 05, 2025"
15679,E-District,STD,Viaduct,None,"alter, bangalore, caustic",None,2,1,3,"September 05, 2025"
15679,E-District,SHAKECITY,Blossom Drive,None,"alter, bangalore, sparrow",None,0,1,1,"September 05, 2025"
15679,E-District,OBSIDIAN,Boardwalk,None,"alter, bangalore, wattson",None,1,0,1,"September 05, 2025"
15679,E-District,FREAKAZOIDS,Resort,None,"alter, caustic, gibraltar",None,0,0,0,"September 05, 2025"
15679,E-District,CARNE ASADA,Energy Bank,None,"alter, bangalore, caustic",None,0,0,0,"September 05, 2025"
15679,E-District,MALD BAITERS,City Hall,None,"alter, caustic, crypto",None,0,0,0,"September 05, 2025"
15679,E-District,MFI,Neon Square,None,"alter, caustic, sparrow",None,0,0,0,"September 05, 2025"
15679,E-District,SHAKECITY,Humbert Labs,None,"alter, bangalore, sparrow",None,13,9,22,"September 05, 2025"
15679,E-District,CHRONICLE,Street Market,None,"alter, caustic, sparrow",None,8,12,20,"September 05, 2025"
15679,E-District,GALAXY GAMING,Electro Dam,None,"alter, caustic, sparrow",None,5,5,10,"September 05, 2025"
15679,E-District,STD,Draft Point,None,"alter, caustic, newcastle",None,7,3,10,"September 05, 2025"
15679,E-District,CARNE ASADA,Boardwalk,None,"alter, bangalore, caustic",None,8,2,10,"September 05, 2025"
15679,E-District,FREAKAZOIDS,Blossom Drive,None,"alter, caustic, gibraltar",None,0,7,7,"September 05, 2025"
15679,E-District,ZERO SANITY,Settlement,None,"alter, bangalore, caustic",None,3,3,6,"September 05, 2025"
15679,E-District,MT GIRTHMORE,Energy Bank,None,"alter, ash, caustic",None,5,1,6,"September 05, 2025"
15679,E-District,PHANTOM,Viaduct,None,"alter, bangalore, sparrow",None,1,4,5,"September 05, 2025"
15679,E-District,MALD BAITERS,Resort,None,"alter, caustic, crypto",None,3,2,5,"September 05, 2025"
15679,E-District,MFI,City Hall,None,"alter, caustic, sparrow",None,5,0,5,"September 05, 2025"
15679,E-District,OBSIDIAN,Canal Plaza,None,"alter, bangalore, wattson",None,1,2,3,"September 05, 2025"
15679,E-District,KRYPTIC,Lotus,None,"alter, bangalore, caustic",None,1,1,2,"September 05, 2025"
15679,E-District,DMG TRIALS,Vibe Isle,None,"alter, bangalore, caustic",None,1,1,2,"September 05, 2025"
15679,E-District,EXILERGN,Galleria,None,"alter, bangalore, caustic",None,1,1,2,"September 05, 2025"
15679,E-District,PAVE ESPORTS,Stadium,None,"ash, caustic, sparrow",None,0,1,1,"September 05, 2025"
15679,E-District,GAINS,Neon Square,None,"alter, ash, gibraltar",None,1,0,1,"September 05, 2025"
15679,E-District,2HUMANS1CLANKER,Shipyard Arcade,None,"alter, wattson, wraith",None,0,0,0,"September 05, 2025"
15679,E-District,HAKIKIMORI,Heights,None,"alter, caustic, gibraltar",None,0,0,0,"September 05, 2025"
15679,E-District,R5R,Old Town,None,"alter, bangalore, caustic",None,0,0,0,"September 05, 2025"
15679,E-District,MALD BAITERS,Neon Square,None,"alter, caustic, crypto",None,13,12,25,"September 05, 2025"
15679,E-District,MFI,Blossom Drive,None,"alter, caustic, sparrow",None,6,9,15,"September 05, 2025"
15679,E-District,STD,Humbert Labs,None,"alter, caustic, newcastle",None,9,5,14,"September 05, 2025"
15679,E-District,FREAKAZOIDS,Draft Point,None,"alter, caustic, gibraltar",None,3,7,10,"September 05, 2025"
15679,E-District,CARNE ASADA,Boardwalk,None,"alter, bangalore, caustic",None,4,4,8,"September 05, 2025"
15679,E-District,KRYPTIC,Resort,None,"alter, bangalore, caustic",None,5,3,8,"September 05, 2025"
15679,E-District,GALAXY GAMING,Heights,None,"alter, caustic, sparrow",None,3,2,5,"September 05, 2025"
15679,E-District,SHAKECITY,Stadium,None,"alter, bangalore, sparrow",None,1,3,4,"September 05, 2025"
15679,E-District,OBSIDIAN,Old Town,None,"alter, bangalore, wattson",None,2,2,4,"September 05, 2025"
15679,E-District,2HUMANS1CLANKER,Shipyard Arcade,None,"alter, wattson, wraith",None,3,1,4,"September 05, 2025"
15679,E-District,MT GIRTHMORE,Vibe Isle,None,"alter, ash, caustic",None,3,1,4,"September 05, 2025"
15679,E-District,DMG TRIALS,Viaduct,None,"alter, bangalore, caustic",None,1,2,3,"September 05, 2025"
15679,E-District,CHRONICLE,Electro Dam,None,"alter, vantage",None,3,0,3,"September 05, 2025"
15679,E-District,PHANTOM,Street Market,None,"alter, bangalore, sparrow",None,1,1,2,"September 05, 2025"
15679,E-District,PAVE ESPORTS,Galleria,None,"caustic, sparrow",None,1,1,2,"September 05, 2025"
15679,E-District,ZERO SANITY,Energy Bank,None,"alter, bangalore, caustic",None,0,1,1,"September 05, 2025"
15679,E-District,R5R,City Hall,None,"alter, bangalore, caustic",None,1,0,1,"September 05, 2025"
15679,E-District,HAKIKIMORI,Canal Plaza,None,"alter, caustic, gibraltar",None,0,0,0,"September 05, 2025"
15679,E-District,GAINS,Lotus,None,"alter, gibraltar",None,0,0,0,"September 05, 2025"
15680,E-District,NEANDERTHALS,Electro Dam,None,"alter, ash, caustic",None,13,12,25,"September 05, 2025"
15680,E-District,MEOWTH,Boardwalk,None,"alter, bangalore, caustic",None,7,9,16,"September 05, 2025"
15680,E-District,TITANS,Blossom Drive,None,"alter, ash, caustic",None,7,7,14,"September 05, 2025"
15680,E-District,MISFIT LEGENDS,Resort,None,"alter, caustic, sparrow",None,7,5,12,"September 05, 2025"
15680,E-District,TBD,Galleria,None,"alter, ash, caustic",None,8,1,9,"September 05, 2025"
15680,E-District,GORTHALAXIS,Settlement,None,"alter, bangalore, caustic",None,6,2,8,"September 05, 2025"
15680,E-District,BEARCLAW ACAD W,Viaduct,None,"bangalore, caustic",None,2,3,5,"September 05, 2025"
15680,E-District,TUNNEL BOIZ,Canal Plaza,None,"alter, caustic, sparrow",None,2,3,5,"September 05, 2025"
15680,E-District,WASTED POTENTIAL,Old Town,None,"alter, bangalore, sparrow",None,0,4,4,"September 05, 2025"
15680,E-District,ADDY,Vibe Isle,None,"alter, ash, caustic",None,2,2,4,"September 05, 2025"
15680,E-District,SENIOR DISCOUNT,Street Market,None,"alter, ash, fuse",None,4,0,4,"September 05, 2025"
15680,E-District,RAGEBAITERS,Energy Bank,None,"ash, bangalore, caustic",None,0,2,2,"September 05, 2025"
15680,E-District,STICKERS,Draft Point,None,"alter, bangalore, caustic",None,1,1,2,"September 05, 2025"
15680,E-District,LOCKEDN,Lotus,None,"alter, bangalore, caustic",None,0,1,1,"September 05, 2025"
15680,E-District,ECLIPSE,Heights,None,"alter, bangalore, caustic",None,0,1,1,"September 05, 2025"
15680,E-District,SPR1NG,City Hall,None,"ash, caustic, newcastle",None,0,1,1,"September 05, 2025"
15680,E-District,KILLER CLOWNS,Humbert Labs,None,"alter, caustic, crypto",None,1,0,1,"September 05, 2025"
15680,E-District,KTW,Neon Square,None,"ash, bangalore, caustic",None,0,0,0,"September 05, 2025"
15680,E-District,OUR ECLIPSE,Shipyard Arcade,None,"bangalore, caustic, wraith",None,0,0,0,"September 05, 2025"
15680,E-District,NEW META,Stadium,None,"newcastle, wattson, wraith",None,0,0,0,"September 05, 2025"
15680,E-District,ECLIPSE,Stadium,None,"alter, bangalore, caustic",None,13,12,25,"September 05, 2025"
15680,E-District,KILLER CLOWNS,Old Town,None,"alter, caustic, crypto",None,9,9,18,"September 05, 2025"
15680,E-District,SPR1NG,City Hall,None,"ash, caustic, newcastle",None,5,7,12,"September 05, 2025"
15680,E-District,ADDY,Lotus,None,"alter, bangalore, caustic",None,11,1,12,"September 05, 2025"
15680,E-District,NEANDERTHALS,Heights,None,"alter, ash, caustic",None,3,4,7,"September 05, 2025"
15680,E-District,BEARCLAW ACAD W,Viaduct,None,"alter, bangalore, caustic",None,5,2,7,"September 05, 2025"
15680,E-District,NEW META,Street Market,None,"newcastle, wattson, wraith",None,1,5,6,"September 05, 2025"
15680,E-District,OUR ECLIPSE,Resort,None,"bangalore, caustic, wraith",None,3,3,6,"September 05, 2025"
15680,E-District,LOCKEDN,Draft Point,None,"alter, bangalore, caustic",None,3,3,6,"September 05, 2025"
15680,E-District,TBD,Settlement,None,"alter, ash, caustic",None,6,0,6,"September 05, 2025"
15680,E-District,GORTHALAXIS,Electro Dam,None,"alter, bangalore, caustic",None,3,2,5,"September 05, 2025"
15680,E-District,TITANS,Shipyard Arcade,None,"alter, ash, caustic",None,3,1,4,"September 05, 2025"
15680,E-District,MISFIT LEGENDS,Galleria,None,"alter, caustic, sparrow",None,1,2,3,"September 05, 2025"
15680,E-District,RAGEBAITERS,Humbert Labs,None,"ash, bangalore, caustic",None,2,1,3,"September 05, 2025"
15680,E-District,TUNNEL BOIZ,Blossom Drive,None,"alter, caustic, sparrow",None,1,1,2,"September 05, 2025"
15680,E-District,WASTED POTENTIAL,Boardwalk,None,"alter, ash, newcastle",None,2,0,2,"September 05, 2025"
15680,E-District,SENIOR DISCOUNT,Canal Plaza,None,"alter, ash, fuse",None,0,1,1,"September 05, 2025"
15680,E-District,STICKERS,Neon Square,None,"alter, bangalore, caustic",None,0,0,0,"September 05, 2025"
15680,E-District,MEOWTH,Vibe Isle,None,"alter, bangalore, caustic",None,0,0,0,"September 05, 2025"
15680,E-District,KTW,Energy Bank,None,"alter, caustic, newcastle",None,0,0,0,"September 05, 2025"
15680,E-District,STICKERS,Lotus,None,"alter, bangalore, caustic",None,13,12,25,"September 05, 2025"
15680,E-District,MISFIT LEGENDS,Settlement,None,"alter, caustic, sparrow",None,10,4,14,"September 05, 2025"
15680,E-District,KILLER CLOWNS,Vibe Isle,None,"alter, caustic, crypto",None,4,9,13,"September 05, 2025"
15680,E-District,TITANS,Humbert Labs,None,"alter, ash, caustic",None,4,7,11,"September 05, 2025"
15680,E-District,TBD,Canal Plaza,None,"alter, ash, caustic",None,5,5,10,"September 05, 2025"
15680,E-District,NEANDERTHALS,Street Market,None,"alter, ash, caustic",None,7,2,9,"September 05, 2025"
15680,E-District,SENIOR DISCOUNT,Viaduct,None,"alter, ash, fuse",None,5,3,8,"September 05, 2025"
15680,E-District,LOCKEDN,City Hall,None,"alter, bangalore, caustic",None,5,1,6,"September 05, 2025"
15680,E-District,OUR ECLIPSE,Electro Dam,None,"bangalore, caustic, wraith",None,3,2,5,"September 05, 2025"
15680,E-District,ECLIPSE,Heights,None,"alter, bangalore, caustic",None,1,3,4,"September 05, 2025"
15680,E-District,RAGEBAITERS,Resort,None,"ash, bangalore, caustic",None,2,2,4,"September 05, 2025"
15680,E-District,TUNNEL BOIZ,Draft Point,None,"alter, caustic, sparrow",None,1,1,2,"September 05, 2025"
15680,E-District,WASTED POTENTIAL,Energy Bank,None,"ash, caustic, newcastle",None,0,1,1,"September 05, 2025"
15680,E-District,BEARCLAW ACAD W,Neon Square,None,"alter, bangalore, wattson",None,0,1,1,"September 05, 2025"
15680,E-District,MEOWTH,Old Town,None,"alter, bangalore, caustic",None,0,1,1,"September 05, 2025"
15680,E-District,ADDY,Galleria,None,"alter, bangalore, caustic",None,1,0,1,"September 05, 2025"
15680,E-District,SPR1NG,Stadium,None,"ash, caustic, newcastle",None,0,0,0,"September 05, 2025"
15680,E-District,KTW,Blossom Drive,None,crypto,None,0,0,0,"September 05, 2025"
15680,E-District,NEW META,Boardwalk,None,"newcastle, wattson, wraith",None,0,0,0,"September 05, 2025"
15680,E-District,GORTHALAXIS,Shipyard Arcade,None,"alter, bangalore, caustic",None,0,0,0,"September 05, 2025"
15680,E-District,NEANDERTHALS,Viaduct,None,"alter, ash, caustic",None,12,12,24,"September 05, 2025"
15680,E-District,GORTHALAXIS,Boardwalk,None,"bangalore, caustic",None,8,7,15,"September 05, 2025"
15680,E-District,TITANS,Heights,None,"alter, ash",None,2,9,11,"September 05, 2025"
15680,E-District,SENIOR DISCOUNT,Blossom Drive,None,"alter, ash, fuse",None,6,4,10,"September 05, 2025"
15680,E-District,NEW META,Energy Bank,None,"newcastle, wattson, wraith",None,2,5,7,"September 05, 2025"
15680,E-District,TBD,Humbert Labs,None,"alter, ash, caustic",None,6,1,7,"September 05, 2025"
15680,E-District,MISFIT LEGENDS,Resort,None,"alter, caustic, sparrow",None,3,3,6,"September 05, 2025"
15680,E-District,BEARCLAW ACAD W,Neon Square,None,"alter, bangalore, caustic",None,4,2,6,"September 05, 2025"
15680,E-District,WASTED POTENTIAL,Vibe Isle,None,"ash, caustic, newcastle",None,5,1,6,"September 05, 2025"
15680,E-District,OUR ECLIPSE,Canal Plaza,None,"bangalore, caustic, wraith",None,5,1,6,"September 05, 2025"
15680,E-District,KILLER CLOWNS,Draft Point,None,"alter, caustic, crypto",None,2,3,5,"September 05, 2025"
15680,E-District,ADDY,Old Town,None,"alter, bangalore, caustic",None,4,0,4,"September 05, 2025"
15680,E-District,SPR1NG,Lotus,None,"ash, caustic, newcastle",None,1,2,3,"September 05, 2025"
15680,E-District,RAGEBAITERS,Electro Dam,None,"ash, bangalore, caustic",None,0,2,2,"September 05, 2025"
15680,E-District,TUNNEL BOIZ,Street Market,None,"alter, caustic, sparrow",None,1,1,2,"September 05, 2025"
15680,E-District,STICKERS,Shipyard Arcade,None,"alter, bangalore, caustic",None,1,1,2,"September 05, 2025"
15680,E-District,ECLIPSE,City Hall,None,"alter, bangalore, madmaggie",None,1,0,1,"September 05, 2025"
15680,E-District,KTW,Stadium,None,"alter, ash, crypto",None,0,0,0,"September 05, 2025"
15680,E-District,LOCKEDN,Settlement,None,"ash, loba, rampart",None,0,0,0,"September 05, 2025"
15680,E-District,MEOWTH,Galleria,None,"alter, bangalore, caustic",None,0,0,0,"September 05, 2025"
15656,Worlds Edge,JHJ,Overlook,None,"alter, caustic, newcastle",None,8,12,20,"September 05, 2025"
15656,Worlds Edge,BKR,Monument,None,"bangalore, caustic, sparrow",None,12,7,19,"September 05, 2025"
15656,Worlds Edge,TEAMNAMETBD,Climatizer,None,"alter, caustic, gibraltar",None,7,9,16,"September 05, 2025"
15656,Worlds Edge,GODZ AMONG MEN,Countdown,None,"alter, caustic, gibraltar",None,8,3,11,"September 05, 2025"
15656,Worlds Edge,LURKERS,Epicenter,None,"alter, caustic, sparrow",None,4,5,9,"September 05, 2025"
15656,Worlds Edge,DRIP_ESPORTS,Launch Site,None,"alter, ash, bangalore",None,5,2,7,"September 05, 2025"
15656,Worlds Edge,KSO,Skyhook East,None,"alter, caustic, crypto",None,2,4,6,"September 05, 2025"
15656,Worlds Edge,UNDECIDED,Lava Fissure,None,"alter, bangalore, caustic",None,2,3,5,"September 05, 2025"
15656,Worlds Edge,TENACITY,Thermal Station,None,"alter, bangalore, caustic",None,3,1,4,"September 05, 2025"
15656,Worlds Edge,CIMJ MX,Fragment,None,"alter, caustic, crypto",None,1,2,3,"September 05, 2025"
15656,Worlds Edge,WOMP WOMP,Geyser,None,"alter, caustic, wraith",None,0,2,2,"September 05, 2025"
15656,Worlds Edge,ROCKHARDRHINOS,Landslide,None,"caustic, sparrow",None,1,1,2,"September 05, 2025"
15656,Worlds Edge,TWERKAHOLICS,Skyhook West,None,"alter, ash, caustic",None,1,1,2,"September 05, 2025"
15656,Worlds Edge,UNC,Lava Syphon,None,"alter, caustic, gibraltar",None,0,1,1,"September 05, 2025"
15656,Worlds Edge,ZESTY BESTIES,Tree,None,"alter, caustic",None,0,1,1,"September 05, 2025"
15656,Worlds Edge,FSC,Survey Camp,None,"alter, ash, caustic",None,0,0,0,"September 05, 2025"
15656,Worlds Edge,ASIANBANGER,Stacks,None,"alter, bangalore, caustic",None,0,0,0,"September 05, 2025"
15656,Worlds Edge,BROSKIS,Dome,None,"alter, bangalore, caustic",None,0,0,0,"September 05, 2025"
15656,Worlds Edge,CIMJ,Staging,None,"alter, bangalore, caustic",None,0,0,0,"September 05, 2025"
15656,Worlds Edge,UNDECIDED,Countdown,None,"alter, bangalore, caustic",None,9,12,21,"September 05, 2025"
15656,Worlds Edge,ROCKHARDRHINOS,Dome,None,"alter, bangalore, caustic",None,4,9,13,"September 05, 2025"
15656,Worlds Edge,TENACITY,Monument,None,"alter, bangalore, caustic",None,8,4,12,"September 05, 2025"
15656,Worlds Edge,BROSKIS,Thermal Station,None,"alter, bangalore, caustic",None,4,7,11,"September 05, 2025"
15656,Worlds Edge,WOMP WOMP,Lava Fissure,None,"alter, bangalore, caustic",None,7,3,10,"September 05, 2025"
15656,Worlds Edge,UNC,Skyhook West,None,"alter, caustic, gibraltar",None,3,5,8,"September 05, 2025"
15656,Worlds Edge,CIMJ,Epicenter,None,"alter, bangalore, caustic",None,6,2,8,"September 05, 2025"
15656,Worlds Edge,KSO,Lava Syphon,None,"alter, caustic, crypto",None,3,1,4,"September 05, 2025"
15656,Worlds Edge,LURKERS,Fragment,None,"alter, caustic, sparrow",None,0,3,3,"September 05, 2025"
15656,Worlds Edge,JHJ,Survey Camp,None,"alter, caustic, newcastle",None,1,2,3,"September 05, 2025"
15656,Worlds Edge,CIMJ MX,Staging,None,"alter, bangalore, caustic",None,3,0,3,"September 05, 2025"
15656,Worlds Edge,DRIP_ESPORTS,Geyser,None,"alter, ash, bangalore",None,0,2,2,"September 05, 2025"
15656,Worlds Edge,BKR,Skyhook East,None,"bangalore, caustic, sparrow",None,1,1,2,"September 05, 2025"
15656,Worlds Edge,FSC,Overlook,None,"alter, ash, caustic",None,1,1,2,"September 05, 2025"
15656,Worlds Edge,TWERKAHOLICS,Harvester,None,"alter, ash, caustic",None,2,0,2,"September 05, 2025"
15656,Worlds Edge,ZESTY BESTIES,Launch Site,None,"alter, ash",None,0,1,1,"September 05, 2025"
15656,Worlds Edge,TEAMNAMETBD,Climatizer,None,"alter, caustic, gibraltar",None,0,1,1,"September 05, 2025"
15656,Worlds Edge,ASIANBANGER,Tree,None,"alter, bangalore, caustic",None,1,0,1,"September 05, 2025"
15656,Worlds Edge,GODZ AMONG MEN,Landslide,None,"alter, caustic, gibraltar",None,0,0,0,"September 05, 2025"
15656,Worlds Edge,BROSKIS,Landslide,None,"alter, caustic, sparrow",None,12,12,24,"September 05, 2025"
15656,Worlds Edge,TENACITY,Fragment,None,"alter, bangalore, caustic",None,8,9,17,"September 05, 2025"
15656,Worlds Edge,GODZ AMONG MEN,Big Maude,None,"alter, caustic, gibraltar",None,8,5,13,"September 05, 2025"
15656,Worlds Edge,LURKERS,Skyhook East,None,"alter, caustic, sparrow",None,3,7,10,"September 05, 2025"
15656,Worlds Edge,CIMJ MX,Lava Syphon,None,"alter, caustic, gibraltar",None,5,3,8,"September 05, 2025"
15656,Worlds Edge,KSO,Overlook,None,"alter, caustic, crypto",None,6,1,7,"September 05, 2025"
15656,Worlds Edge,ROCKHARDRHINOS,Lava Fissure,None,"alter, bangalore, caustic",None,2,4,6,"September 05, 2025"
15656,Worlds Edge,DRIP_ESPORTS,Stacks,None,"alter, ash, bangalore",None,3,3,6,"September 05, 2025"
15656,Worlds Edge,TWERKAHOLICS,Mirage,None,"alter, ash, caustic",None,3,2,5,"September 05, 2025"
15656,Worlds Edge,TEAMNAMETBD,Epicenter,None,"alter, caustic, gibraltar",None,2,2,4,"September 05, 2025"
15656,Worlds Edge,CIMJ,Countdown,None,"alter, bangalore, caustic",None,3,1,4,"September 05, 2025"
15656,Worlds Edge,JAWNS GRANDKIDS,Skyhook West,None,"alter, ash, caustic",None,3,0,3,"September 05, 2025"
15656,Worlds Edge,FSC,Monument,None,"alter, ash, caustic",None,0,2,2,"September 05, 2025"
15656,Worlds Edge,WOMP WOMP,Launch Site,None,"alter, bangalore, caustic",None,1,1,2,"September 05, 2025"
15656,Worlds Edge,UNDECIDED,Harvester,None,"alter, bangalore, caustic",None,1,1,2,"September 05, 2025"
15656,Worlds Edge,ZESTY BESTIES,Staging,None,"alter, bangalore, caustic",None,1,1,2,"September 05, 2025"
15656,Worlds Edge,ASIANBANGER,Thermal Station,None,"alter, bangalore, caustic",None,2,0,2,"September 05, 2025"
15656,Worlds Edge,BKR,Climatizer,None,"bangalore, caustic, sparrow",None,0,0,0,"September 05, 2025"
15656,Worlds Edge,UNC,Dome,None,"alter, caustic, gibraltar",None,0,0,0,"September 05, 2025"
15656,Worlds Edge,JHJ,Geyser,None,"alter, newcastle",None,0,0,0,"September 05, 2025"
15656,Worlds Edge,TEAMNAMETBD,Monument,None,"alter, caustic, gibraltar",None,15,12,27,"September 05, 2025"
15656,Worlds Edge,JAWNS GRANDKIDS,Fragment,None,"alter, ash, caustic",None,9,7,16,"September 05, 2025"
15656,Worlds Edge,TENACITY,Survey Camp,None,"alter, bangalore, caustic",None,6,9,15,"September 05, 2025"
15656,Worlds Edge,UNDECIDED,Big Maude,None,"alter, bangalore, caustic",None,8,3,11,"September 05, 2025"
15656,Worlds Edge,KSO,Climatizer,None,"alter, caustic, crypto",None,4,5,9,"September 05, 2025"
15656,Worlds Edge,TWERKAHOLICS,Landslide,None,"alter, ash, caustic",None,5,4,9,"September 05, 2025"
15656,Worlds Edge,CIMJ MX,Lava Fissure,None,"alter, caustic, gibraltar",None,6,1,7,"September 05, 2025"
15656,Worlds Edge,LURKERS,Stacks,None,"alter, caustic, sparrow",None,3,3,6,"September 05, 2025"
15656,Worlds Edge,FSC,Launch Site,None,"alter, ash, caustic",None,1,2,3,"September 05, 2025"
15656,Worlds Edge,ZESTY BESTIES,Harvester,None,"alter, bangalore, caustic",None,1,2,3,"September 05, 2025"
15656,Worlds Edge,BROSKIS,Epicenter,None,"alter, caustic, sparrow",None,2,1,3,"September 05, 2025"
15656,Worlds Edge,ROCKHARDRHINOS,Lava Syphon,None,"alter, bangalore, caustic",None,2,1,3,"September 05, 2025"
15656,Worlds Edge,JHJ,Countdown,None,"alter, caustic, newcastle",None,0,2,2,"September 05, 2025"
15656,Worlds Edge,DRIP_ESPORTS,Skyhook West,None,"alter, ash, bangalore",None,1,1,2,"September 05, 2025"
15656,Worlds Edge,GODZ AMONG MEN,Thermal Station,None,"alter, caustic, gibraltar",None,2,0,2,"September 05, 2025"
15656,Worlds Edge,UNC,Mirage,None,"alter, caustic, gibraltar",None,0,1,1,"September 05, 2025"
15656,Worlds Edge,WOMP WOMP,Overlook,None,"alter, bangalore, caustic",None,1,0,1,"September 05, 2025"
15656,Worlds Edge,ASIANBANGER,Tree,None,"alter, bangalore, caustic",None,0,0,0,"September 05, 2025"
15656,Worlds Edge,BKR,Geyser,None,"bangalore, caustic, sparrow",None,0,0,0,"September 05, 2025"
15656,Worlds Edge,CIMJ,Staging,None,"alter, bangalore, caustic",None,0,0,0,"September 05, 2025"
